"HolderAddress","Quantity","PendingBalanceUpdate"
"0xde0fe438c353091ca9fa04b8f1f23026392c661a","57","No"
"0xe82c1dcb4Ea572cBcd83d6E28F933F7aea82cB27","50","No"
"0x9598ad92db1edd4c7fcd075cbbcd8a5bc3c0a59b","32","No"
"0x035e4cc0605719a73dc100f2089980cda52a7b39","30","No"
"0x2ee98b5e8ac40ee997ec04f260b6063067ce8363","25","No"
"0x406b808bde1abe9196f98a35545b3e179193ae0f","22","No"
"0x2bf8a7b9f7628dde7444dfbb1fe221a6aebbd8e0","19","No"
"0x0000000000000000000000000000000000000000","18","No"
"0x227e80ac21a36b1044f43a0dde2075d5a40ccc64","15","No"
"0xdd47395da633881bdba28edd1abd75be68106ac2","13","No"
"0x71e6ec4d5d675a2792212e27dee2ed5363300a67","12","No"
"0x7659188e43e7bcc2fa54dbb1a9e81b91bc91c688","12","No"
"0xf110ddc9e5007dbb12a17dc673b4422407215706","12","No"
"0x096f4a61f446b948b47b4d88ceed59f22088832f","11","No"
"0x2cc9471803be44cc7bdea84f89362db9b35bbb7b","11","No"
"0x4694398055c10ee95fd59d951fab817417a3ff36","11","No"
"0x70665b1142d352af611495f1fb501cd215df8952","11","No"
"0x3dcab3dbcd697958d81d880538b0240a2259db39","10","No"
"0xad5712b077e538ffec62626f539a16831bad5f98","10","No"
"0xb3d32dfb57250c28c3737cf8c6fb0a463085b6dc","10","No"
"0x57bec2b4f261c5de61e88c06e7864cb5f079543d","9","No"
"0xc555566815d22e5a65ca78225f6268e348896747","9","No"
"0xe4b903b0e91a8295db200bb4327d94833b4e6118","9","No"
"0x0a4945d9d420e5ccc98753025e48f6a800177a64","7","No"
"0x18c03aad6a86793874bb972d2c6dce7a08608c7e","7","No"
"0x33ac7f90ce362ac72c62ffe6a187619183e439a3","7","No"
"0x90dbd191309261e1bb0b565c2e95fe5f632f0872","7","No"
"0x93d56ed4dd2e9f3f914b06e9aa9dd18bac07c6bc","7","No"
"0xa26c8f9b98c3945b7d3c85768614e3c34bd470ff","7","No"
"0xce8951064117dd22f143c0b600d7fb7ff4ad3eb2","7","No"
"0xf65b04f98302e1ead53c9fe6eacb55de20114c4a","7","No"
"0x135400da57c70eb39bd6a48a452e5a9961e8fe04","6","No"
"0x15a80ac75ac20ec7eccd13802d49c19a54ca292f","6","No"
"0x1617000c89fdec81eac30d73d6d4d92175e14222","6","No"
"0x5003ab4ceeee08feb11bacfc8b1f287aebb34bdd","6","No"
"0x5155561a95208dda8d0b7c1f28f38de4f5dc4c5c","6","No"
"0x60e15b6e28d7f001cbfbf9d32af1bdb8af6bee7c","6","No"
"0x81a93bd0442c13172f1e60936bce00972751072f","6","No"
"0x9be70ebc3c20f662580a7a0dfdffe1bd931e68b1","6","No"
"0xd3baa716752fb93d6782c9f5c8b03be93760fec5","6","No"
"0xd4959bd11540ec4b90ffffc95695194768e154bc","6","No"
"0xe61b6fb231422fd73aaaaaf9f1ac75eeff8f0cbd","6","No"
"0x1c7aebfedfc8a9780937f977698381d5bcbea9b3","5","No"
"0x38dd26d149a494686fa7ccdd3c24b14dded97d7a","5","No"
"0x4315fc305e6d70cd86b6111e2912b07eb958e131","5","No"
"0x43972dbf546abffd531e4a2e734abe0298355c65","5","No"
"0x457f28bfbbbeacb7260c59f9a597e27ef690fbe1","5","No"
"0x46d79182b9284d2f50ab5ccf0e5091efeab02ff2","5","No"
"0x4e5e4fdbeab61ccb87dd2f234807a25725fd76ff","5","No"
"0x5cc084bde137fc5aae7e74161cb45f971db79c96","5","No"
"0x6b5f99b981542d7c3dd3ef229e4d100b74509deb","5","No"
"0x7f3763f84672a0682e8fe312a7422785eb8332b4","5","No"
"0x81773fbe1142890b4910cac7628cf4c08cc81e02","5","No"
"0xb54333fc2d487cac6e60eb6fd0fb810adc47b065","5","No"
"0xb745a25e387884aa3f3174b033c811e9956576b7","5","No"
"0xb8014fd5396757c1a4201f227253634e364b04e7","5","No"
"0xbc72f0197fefb0480c86bb2dd473d179d4346519","5","No"
"0xcd77b59cb96477a5f6067d07b5269a6f44c1d648","5","No"
"0xd73fd5ce8ad168e0a9ddd49e63f0b15e68690c02","5","No"
"0xdd3e0962f1f56c3182bb716a121a93b081a08807","5","No"
"0xe3c7fe176a629acf0e32c6971a4d7b0164b2e65f","5","No"
"0xed653c1ac2f9f5624489a504331715e80412bde8","5","No"
"0x0cec50e905765d46196c0392f9440921e45153ae","4","No"
"0x0d13e430744de721384651cadbee6c1a69e40c68","4","No"
"0x0db7335c162042af920f0be9348488173dce6be1","4","No"
"0x0f4f802ef0d4e1a8f618ed8ab90908accc6190bb","4","No"
"0x0f9c92ed2554f8f7667a13f2e8893f3d31c71638","4","No"
"0x133b52505d1cc5a7b1bb8d129e11f65af58cb4f8","4","No"
"0x173918762b26b7aba7f381f0d81f51f7953361ad","4","No"
"0x2208b02f323a0917226f8a60439e6d7a10526b84","4","No"
"0x2427be55bfae1ab071f96a31fba5dcc7afdc0c6c","4","No"
"0x26573fea9f73e349feca13fc3800f075b46b8234","4","No"
"0x29dba2518ca261fe21654312e9ad837efb29bd0b","4","No"
"0x2d85417faecd5cd1a52d4e50fc6952e42a53ffd8","4","No"
"0x3ca2721ac44390f6ca83f8cc349266c3190830c0","4","No"
"0x3d014112b05844af79a18a2400551b22d37e3d78","4","No"
"0x4032d708c9c6615ddcd023fae2387eb223c12f14","4","No"
"0x40f45af112a9a68c86030f949e47cfd88d922cdc","4","No"
"0x57dbbcf8eec8eb045ef24c5b9f8325c26cc68c96","4","No"
"0x5ae832a340ae293e496d2691bc3e82dab1e85435","4","No"
"0x5def9901396be7ad56ba34a1b50822a9a63a72fc","4","No"
"0x696d2a7450fb26f71c14782aa5562fb08d480265","4","No"
"0x6b2290691db47d2a566b8a9239b2257ae2958557","4","No"
"0x71e9fccaaa184360e60384a1de5e95e215ab0aa2","4","No"
"0x763a36f41f9c5d21306b3e8999508231fae818a2","4","No"
"0x78d5a5d097df40785ea12b86045715d3887af411","4","No"
"0x831be4f80986f998a5e28ef4c19785274edc0cb6","4","No"
"0x8c4e9c3ba520d4ca8a05c9ae78a48c1dbd3e1d96","4","No"
"0x8fcd95b05877d52c5b5f7d411bff70277bfb02ad","4","No"
"0x90c006de3c1bae7027acf84b1f83ed36b93b0467","4","No"
"0x97564fc8a502f308bdde28bf4c91f4e6416ba5f5","4","No"
"0x97cddb26a74a7da94619663503e338f27288b090","4","No"
"0x9bb380badd0fe386d2744fa33a7307ccc5036643","4","No"
"0x9e2e3cb6dfc9b68a49598fed389c9a0d5a3b54eb","4","No"
"0xa2168f8804d08252241c8d2083828da3f3432892","4","No"
"0xaf5dcc60eb295a570817ec609148c6b4e751a95c","4","No"
"0xc85a130fb6facad7b09e79748b522872bce05858","4","No"
"0xd05b85c42b5b46e97c6cdd76c0bd2e2763af8f71","4","No"
"0xd291783cec75d81b486444dbcb6c899a77586040","4","No"
"0xd53f6bae74603aaf74145e8150d11dbdb6fc805d","4","No"
"0xd80edf07fd99f059506abfecf9d73fda66e54140","4","No"
"0xe379139940ed44892a7a213670d4f7b428522aa6","4","No"
"0xe8505e174b4d0b2a47fdfa6f1beb03449b4ab63e","4","No"
"0xe9babecd9bc528e36c1923a17efc5de7f691380f","4","No"
"0xeefa3a78c461f4c6b0574d65f292f8b9ae8e44e6","4","No"
"0xf2c370252fcfe6186cf8bdd87dffd8b756962e55","4","No"
"0xf6cf863958970a1a1083551c070cbd991d1afe6f","4","No"
"0xfcafeb126a5cdac590bcda422a8c208249fdb253","4","No"
"0x080443e2343feb1ce8dccbb6950709ed2802d2e8","3","No"
"0x0a384a5499a43ef8c46a22d71cc8e97a2bfc473b","3","No"
"0x0c5dd8a1941a7821c352c34ce6c7239c10e44e03","3","No"
"0x238092c9ab8f01857ac7682ed41d09820938722c","3","No"
"0x37eb920d6243f04dff4119022e615b99d02b9469","3","No"
"0x3d39ff41f7407ae432e210a635cc91352c55563e","3","No"
"0x3e0f64fa060124019db24422466750ddd1275aca","3","No"
"0x3e11817058e1ad3073ea78e2f68f13bec2983c24","3","No"
"0x3e837795d43e7730e183c87b8916e25288337b0d","3","No"
"0x407e515726b2abe4602230b5d7d00141c808f9ff","3","No"
"0x42397bb9dd92eb6b9ecaab3dc7aa55c19db803d9","3","No"
"0x44ab8a3d7197b3f7ae89f7b7d556f95f3cbd9aa2","3","No"
"0x45a39792776a2871bef6515e7e7345440d890db5","3","No"
"0x46c31857a64df53014401fdcbbc988389ae679bb","3","No"
"0x47e44738be0732119e0687eaa3bc18f5c8e58399","3","No"
"0x4eb212b31cfce377e8c803f49a53bd27bfb950a4","3","No"
"0x5332abb9258fd5626746aceaca8ea89b72cfb791","3","No"
"0x540d31354e29d641a8b493bf2bf8faf9aadbbb10","3","No"
"0x5925ec1a21966b1dfcfc09855f55096de369ce30","3","No"
"0x5eed34ec0e6e037a7498aeb4aec4c29a5c20b49e","3","No"
"0x61d0ef0fabdc7f4eda36f7ee48819f52ab718b57","3","No"
"0x657fe66d1b244a75bbd0e09251bbed343cc76d6e","3","No"
"0x6f4cb66f398b5e2cb36b14d7e6c773c93c04d986","3","No"
"0x860b4c181500046ff38f9cc68651d13b67888660","3","No"
"0x91dd96b5b11a604bc2518d2947fbc6bb350e8d9a","3","No"
"0xa51dad6b6a5c9474b175948fb3fd057f1d7bf9ef","3","No"
"0xa8a9b38f5916b7083b558741e3f8b97c1fa26206","3","No"
"0xbc4c1ea6cca23dad5c1c25cdeeb1e6fc38d5838a","3","No"
"0xbf38041f64d5842199182bd29b5be78ddd8add1a","3","No"
"0xc67b1d9e57ec0c1e19b0074f2723a96d27ed73f8","3","No"
"0xcde2f651f6c2ae3e56ff95e38399f4b3e46716a0","3","No"
"0xce249984b8e1ac4ffcfafb4eddfdae54fa068671","3","No"
"0xd2a17cda665ee9c83861de6e024a4c47ca3f6a47","3","No"
"0xd34a6b9fca0867988cdc602d60724f822f96fffd","3","No"
"0xd3bb1e418ead4d759c66f667685603f822073684","3","No"
"0xd72f6d311fb6560bcac61f475fb317f17bb208ab","3","No"
"0xd86edc4e35d52c7ef4e6e9690d74d499d07d00e6","3","No"
"0xd88012740afd5624b4e23e69e90b97bd7a0c2723","3","No"
"0xe87b56cf45b98e2cd37b56935b6fdd7a9f37962c","3","No"
"0xedfb35cdf2b2364d9ea63f72dd0a01e3802f1623","3","No"
"0xf5fb57ccefca0e1ebadba651e115522246e9f6f2","3","No"
"0xf9116ff6d670f1aecd13551adaa44b554e2f10cb","3","No"
"0xfb9df2f597d51f9bcac82f4b695b4f3a10e93744","3","No"
"0xff5c45a8f65d8156e3f940290406cf3016383bc1","3","No"
"0x010ee5c07bc00aac0a17b8bdd05c21d100a0df1b","2","No"
"0x01a5b29fa1c3fb4918b50e7f9974edc37d7549b9","2","No"
"0x02fe4109e607a011bfdac9842238a2cfdc91a152","2","No"
"0x0318ce24bc6376aff1ca1f379e151eb5d5c6b2b0","2","No"
"0x04498099b36a9403d5a97d05e0283ecab10332db","2","No"
"0x06c063d13301b894fc1f035f68ba54575c1efab3","2","No"
"0x071db845432dfcfea9035bd5461a46ddb297232d","2","No"
"0x074bc6436776e6c7b0a9fd59dd93f4bce1902f54","2","No"
"0x09ee21ed9d817e2029a5779d23801da97d71fd79","2","No"
"0x0a3f84f41da356043a0f647822299796cb084a28","2","No"
"0x0c25a745aa4bb569f5850887685c2e4a9919dbf3","2","No"
"0x0cd1e48e29362a10b5dd5dadc9853af0a9bd07ca","2","No"
"0x0f11c916516895f56f9937df3f6d16cd3e87927b","2","No"
"0x0f7c934f523367f63d07de8b25569e6b03fd6329","2","No"
"0x107b412aa919d56c64c1e1bed15dc4b56a23ba6b","2","No"
"0x14731977b207ac7efbdc5ddac9d4cceb5aa486fa","2","No"
"0x175d958e3e0416344eaebd4dbedde9020ae7eb7e","2","No"
"0x1802a514921e9bd0a564e3f6720aa3181d6ea46d","2","No"
"0x180d73c96afb959bc94b2acbd5c8a862a10c9163","2","No"
"0x18324624cbc9eb3837a7f0fe914478772d055db1","2","No"
"0x19218883634aa94a6828618a956228498acad0e2","2","No"
"0x19f2a34746fee360903efe154b3a1c577f1e945e","2","No"
"0x1a30649204583f5c156a0258433e8656094020ac","2","No"
"0x1b8ebb87116c9bb3c01ecad7b078be4f3a981328","2","No"
"0x1d73f8b1f1d64dd6f4a6bc319474337bf7166584","2","No"
"0x1da6c69c3180a576c0cff5d1234b8dc43fe0091c","2","No"
"0x1e5423f6f3ed7391fa37a121f9a1d33ce2df249e","2","No"
"0x207614734fe5f36d782fe0b0a72ca9862e9006e5","2","No"
"0x23ddada74ef9b28116e8f36a1fcfc0a09af59c2b","2","No"
"0x240e75a28257a48917af43e0a01630a025cd20f6","2","No"
"0x2972f24c52422d581a9ab9276409e2de0dcf32fe","2","No"
"0x2af45364c81dd6b5db8a98dc2f0f91274e51bf79","2","No"
"0x2bc5a4ea33b278567aaea215fffc804d6fd79af6","2","No"
"0x2deb054b590b50b5f588c577081156c5bef86031","2","No"
"0x2e256c1afc19d0b3f9c12a95d283b4a2e053c32e","2","No"
"0x31a4c574b05d7a75e56b34ca14e3da3ba191a03f","2","No"
"0x31eb3d99be2c5d3a86219923438c08a9b14a516b","2","No"
"0x327ddd700b8a74d3b6881f3e52b91eed8c5cfb8d","2","No"
"0x34b32895395544b8222d7edbd29e00b591baddde","2","No"
"0x34cf0fec3c5fd086c91fc1aa9cc8c472d85c92b1","2","No"
"0x360c1012b802f3b2b215b9accc9d21a62dcacf30","2","No"
"0x36bd061de34d98e2fdfc471ce4a5091f09ef0f9a","2","No"
"0x37ae65418ca1bdcca5fcd1176f0ddc2258664bb0","2","No"
"0x3b0baad73631c1319e202fe15784f61861f266cd","2","No"
"0x3c6d73bb84a85d306bf7db9a8861c980df5ea1f4","2","No"
"0x3de8b2a9ef819b080bcb2f54a2a058698b967578","2","No"
"0x3e2bc3150f49c9d54388da8c6a3b851728991799","2","No"
"0x3edf1252a48cbb2029ffc25fff9871b5ecf8222e","2","No"
"0x3f32fd0be06d407cb3c2d4b0d4449c59fd3edf3a","2","No"
"0x439a889d18b7f035e070e4b3653c4b24641635ef","2","No"
"0x445f4af979408aa21bbb68b5726d141c376a176c","2","No"
"0x458cb63906bc3b26b058cf9daa9dfe61dec54562","2","No"
"0x47cd8347529a10811bdc16b97e573fa0446e5164","2","No"
"0x4801ed689de9f832a8fa5c9aeb670e85ba632af9","2","No"
"0x48ebf4683eb2cb6884cee4db253c3c302f43c5aa","2","No"
"0x493461fe31b97a4aba0627727eb6fd2336faeec6","2","No"
"0x4a0bf8be15e7a4a2c87de11c2bc0ce074193bda5","2","No"
"0x4b34a02e6e66899e38ea94da62c9335df78d3c31","2","No"
"0x4cad8263ce164e0c62e1b43b4f3a551f259b06b6","2","No"
"0x4d117388baba55e3c0d0cb7372f65c2243d8540f","2","No"
"0x4dcda6b27f773744963c544a23fa040a0084cf04","2","No"
"0x50a7a213e34cc9590abe9640a37f3b832c80da66","2","No"
"0x517ba656698b1d7561feebbcf638426e63aec563","2","No"
"0x519967aadd27fdf4f85e77fa0a5cd43c66660dcc","2","No"
"0x5234bffad8f9eddcb6f33c233e8e7727b51ff8b4","2","No"
"0x524d79fdd77cbfdef16017cca78cea97307ce14a","2","No"
"0x525179cc79e20aeb2c44fca1ef1efc35d3b8d5ff","2","No"
"0x52d63ea17d7127f77dfdf40fb78d46cd60551e03","2","No"
"0x53498d81af61667c3ecd0074ae964137807348aa","2","No"
"0x544c43fd1baf69a65a13370df87e498b49a00140","2","No"
"0x547e56474acc9e37aa7494bb2132713cd6d1840a","2","No"
"0x58221e0ce807e22ca7ba54a322c751de07d5fab4","2","No"
"0x5839e4e1fe2c41b3978b9699f28f330ce7d023da","2","No"
"0x597951d15a678cf0044f86cb05984f9e5cd67165","2","No"
"0x5985a13199b59e53c5bc3e0ab4ee0bd3782cc64e","2","No"
"0x5a7eb14ef3a8660fcd3ae50480a684a652e77f19","2","No"
"0x5bd65d7e1d4b06239216aed1fe01ae6326ab8c84","2","No"
"0x5fcaa41b13bd010b2ca5967d4b8feffce94e5ad1","2","No"
"0x6091029d0405651bf3f9fe4cabbd9e501661b4d1","2","No"
"0x638d60746d93d4d23c3c56081fba5c605178ab71","2","No"
"0x6537e24dd72a807e1bb0bf492deaeaac99847e4a","2","No"
"0x66316acf02012768e6dc0269e7104ff0be605a7d","2","No"
"0x66537bdcb2e647e1ffb54a851bb3d9c188ab8525","2","No"
"0x68271f4ef8ae863679fe15344a981ad9db90a13d","2","No"
"0x6d922db3826ce03fa7e8fb48db8db6ad22c2351d","2","No"
"0x6dec4a17475e5ad006afffad28ff2532abee2cfe","2","No"
"0x6e80355be0def27b03aa54a86435090cc9a4f575","2","No"
"0x712658d45f832461199ed54f6896fdf573babd9b","2","No"
"0x730e67d025646d860f0ef24f92b9d2aedeb7d1c7","2","No"
"0x73542e3f4e42d1749182418447fa1d1f751e6bf2","2","No"
"0x752ff75672e6f3801b952508c3cd58f470d9b57a","2","No"
"0x7547c9e3a87620489c80dc3047394c645639c271","2","No"
"0x760b22a2a48453bb7aba6db4101bd91488a0ae05","2","No"
"0x7935dca854dd077a958c81ddf3b0a8e270a3735f","2","No"
"0x7d69f6b20af4867842caef9a5461e311af1fde6a","2","No"
"0x81004b4e6fca4b4497ff175ffe57c2a39b27ca57","2","No"
"0x823021aed4a6002a2dc28fc3553b3a56e5056ad1","2","No"
"0x826f2dfb5a8829874b85bcea5610d6fb784c99e3","2","No"
"0x84c319644e0f0d87cde08e37dc739750419ddee9","2","No"
"0x850bd80578d46ed9418eba219b18a1cb7a078688","2","No"
"0x8599e84cf3f3cd2c97eaab3547697813f2547e03","2","No"
"0x880c1eb5c199c2f38d1a680855064ba3a4a317e6","2","No"
"0x8848027f9b0cbcdda0b45981470a02ee20017aef","2","No"
"0x89c5b0dc32c39dbe9b571c857f82b0e063886f90","2","No"
"0x8a8ad38f5f0de7d964be685aec05d3f608df8c4a","2","No"
"0x8ba57e1951efade9a8d034ec1daeac570699996f","2","No"
"0x8d8c46ea6b5d7291f3cfefd5d13d5593865a41d7","2","No"
"0x8db5c8291a5505ecf59b75d5d3f5b3649c8f4b0b","2","No"
"0x8ddf88a996b58f75f9dcfd89bfc0a4ea037a16a4","2","No"
"0x901e3c1b7e73b26d5a9885d7571a2ae0d08ed317","2","No"
"0x90ae92cd6af97fad517055d82ee76a4b629bfbd5","2","No"
"0x91c2a30747663ad058a045e8e29c076bdad15288","2","No"
"0x93535047248148ef01dde7b922adb3b93d8b3358","2","No"
"0x94bd885e56667bc65ebde762410efd11ff0e6ad8","2","No"
"0x972c2f9ee755c4d91a55acb3b1b2fac2851d9ed6","2","No"
"0x9876f3567bb36ed874d8d9ad2880883ca4f5c53d","2","No"
"0x9d1919aa383f136db9d41a61efe10fc4ea55ea0c","2","No"
"0xa547f747639e32e9742adca278dca8579d812654","2","No"
"0xa5e0d52293fd36ac09150b0700ef85399ed6a3a7","2","No"
"0xa661019204cc6bad53fef5c60f4e13ee8580683f","2","No"
"0xa8ea2a456b94531d4b71903d99b7998c9d904d8f","2","No"
"0xaad2e4507651c6d993cd1ef59f689e3a9cf48911","2","No"
"0xad7d19b76e92320d26fc19dbf26aa78f28d3dea0","2","No"
"0xb07be2f3b41caf8ebbb911b3786d5ba9b7ae057e","2","No"
"0xb4fd561f7863643e418ae490fcd18ce49f8001f3","2","No"
"0xb654352f9d49faa07c24d7fd9bb0dd5bfef82b1b","2","No"
"0xb738fcb6a2f0e76117c068e92ac9c69c9df2a1fc","2","No"
"0xb99826b4e4cbed0e194a2cc35e932ac4b6068ed6","2","No"
"0xb9d4bc85c362feec4e475159fdaab81454d9f814","2","No"
"0xbad8ddde0ad583d1de9e3ed0e4ad4a435b950369","2","No"
"0xbcf681dc3613f6fd5522c50b792ea774d9fbe0bc","2","No"
"0xbdc7abd9324e232eec115103665722ff09e33f08","2","No"
"0xbe76c80474ed3f400e2f563ca1f310eceacdf461","2","No"
"0xbe7955b11f59d6f78fe1b158a4fe94c2901e4f3a","2","No"
"0xbed6fa0afce1da15c8509829b807c411463fc80a","2","No"
"0xbfca9698fe2acc3b32e19c1520828d6f3c7509a3","2","No"
"0xc008c59b25a71e678ae3a9d4b01c6fa8b203cc79","2","No"
"0xc00ca6162b7a15078cfb6b90aa261949f8e00e83","2","No"
"0xc184018d9e9dec80b87b9530b17a8ee276bc6ced","2","No"
"0xc36af959cdcf851c481bc9cd31d35a138ad155e7","2","No"
"0xc3cccc1045d9c57415112435daf0fc99d8761759","2","No"
"0xc3eff72288e1732df9164f225c5d9ad8ecc0fd2c","2","No"
"0xc6180bb583c6ab27a0a43904a577e2b5f50a6ef1","2","No"
"0xc9449d45a00f16bf50efd0a388c245c927c760ee","2","No"
"0xcaa5f88a9096bf6f1dc1f002b1bc626fd2d1e2f4","2","No"
"0xcadc0a1a87b80ba6619f03206e02c14945cbbca4","2","No"
"0xcc1e42f9ecf079ff77969d5d5d0c9d71114f5e83","2","No"
"0xcd91b3b50c5ef3a73b736692fe65cb4b31b840c1","2","No"
"0xcd973a06743a41341f0a1e5f13e9db73961816e9","2","No"
"0xcdd3f8273f1a2b5f3f2cabb3a1def6a910fdf26e","2","No"
"0xce58e2e708f1118715e3028b7f220f07ca84b48d","2","No"
"0xd0db6b6e7744ce4a07f6338839c7bde1240c6254","2","No"
"0xd12535a68aaea167538ede2440c50958c82ad408","2","No"
"0xd22b0afcd55a1e742aca8dee383b2396a459d2a5","2","No"
"0xd369a994d081f7b01a2a5ebc9484f6ab5650ca42","2","No"
"0xd5d0779e7997c8ef03fba018f7df4c0f838a5292","2","No"
"0xd76f1299b881cebcb00077fe3171abc4145352d1","2","No"
"0xd78d7af593c4b4c3d9896281184d4bfd89145350","2","No"
"0xd7fe596b9007d24329eb3c92c827db88cc7ac906","2","No"
"0xd8409d7e3458428eeea64a235e58d8e43371ed33","2","No"
"0xd8b49c5f45e62a4e2b0674463b88772394a84966","2","No"
"0xd8e48c432564f863132047d0da8d3493d2b09566","2","No"
"0xd923e8021a0a69322f1f8a9d1802f56fda5b7ef4","2","No"
"0xdd6ddb82644297c706fd2833f80399a8fce3c7b4","2","No"
"0xde677dedb67a80ccb676b9c1f533488972ae5e67","2","No"
"0xdf613be35fb2978d6a42a0880543686f7978495f","2","No"
"0xdff454be9b07b9d64ffe8c6dc71b44686ec12e3e","2","No"
"0xe038aa65d4a5005cf947adbbe41c07d2c3f819c9","2","No"
"0xe16d4126a779dbb5bac95f61a90dc17397d89e1b","2","No"
"0xe2698985870d6a0bcc3311aa856aba5c07d02012","2","No"
"0xe31285e7fe8b7e7eba4332271c09813ebad46aec","2","No"
"0xe709bb90ac20edcd194cb3c707c3f145d33805a9","2","No"
"0xe9df28ec4fbdeb95dc024cbf6d41cf069cf932c5","2","No"
"0xed3b4e00377b17f31f184865dd742071eba9dcf0","2","No"
"0xed596fbab82653ee3cd4b3606ae1f79ed7b3d7b7","2","No"
"0xeec752217467d8369815f13dee3e96b614462d13","2","No"
"0xef149d3c65476fe1b306ea2eafdfc054edd5c1d5","2","No"
"0xf1d9d60067711218486e53db4e1946f5c240a19b","2","No"
"0xf208a854d8dd608ad95644e7ca3a59a31aacde9e","2","No"
"0xf36fa5a4f98be59c5532ae8117dc36d6dada7a2e","2","No"
"0xf39ba8bc55f1385a01a5d49d5e949e69ea4c1590","2","No"
"0xf7878e10119f6315109c6b7009c0b006c00b03ef","2","No"
"0xf856f84f3347d9de5a4742885d4cf63df9ecb08b","2","No"
"0xf976dcd48ae38b90bee0ec254ffff842817b1774","2","No"
"0xf9b8666bbfd86bcedc75a7dda704be6d1213fe10","2","No"
"0xfbce524e88c3d607a1f50f4c09f98e27d0651c1c","2","No"
"0x00de3617af4dff2e41559539f7c9f46aa1df35d2","1","No"
"0x0245a297328e568f5e8ff8dd13a2b976c9ffade0","1","No"
"0x043524a5c18335706c43b2b8e3dcaadd7a5af227","1","No"
"0x04aed0c83c442c759e0eeca484cb047b23cebef1","1","No"
"0x051f1f3920d196cc998d74a56978370b82432d25","1","No"
"0x05fcb21f3c380d487108fbbe8c29a297cf82dd22","1","No"
"0x070582825b3d2304610aa15b0833149bdb1ccd4f","1","No"
"0x08664f18c9ecdd5e3c25e2a737b26070b77be35c","1","No"
"0x093287cf637c61ba8a288c7b666d8d551ea0ccb7","1","No"
"0x097908d844e8080f413b9d784435c12726cca155","1","No"
"0x0b920b8c3bf9cd823eb5e599ab42cb610a1b6c73","1","No"
"0x0c1e62fe62b84516b20e88c8d5a37cf3cf59be60","1","No"
"0x0c62c0294874e505e61a26e9cb1d66d8b1923fd0","1","No"
"0x0cac3b7a921e6128646e06c70c85dc757941cc2c","1","No"
"0x0d289bebc2b81e587cd6e91456087d5addc70e67","1","No"
"0x0dda15752be117884716b66093eb6f51c5b6ff11","1","No"
"0x0ffb755544ac5cca05a46023e05ee7aa29e755db","1","No"
"0x124135d09501621144d1bb5481ec2a048ba64fa6","1","No"
"0x1326b00056a38aa402f522f67cd78f7b42042c17","1","No"
"0x156610c05270bc7b4c91dade33e2b890c7bf75fe","1","No"
"0x161399ee3cb3ec95ac3bcced8241903f86a2c53b","1","No"
"0x17e906f806a9941e613bf0dc8ee019a09c2efe9f","1","No"
"0x19207fa781aed482b2f0dfea125076c6e4e0e2f4","1","No"
"0x1aea534470772da0438acc16c98d622a343b1da3","1","No"
"0x1b4b10cc408d2830a7bbe96ca0cb68cb98c23283","1","No"
"0x1d996c631b89ee7adb65bae8c55412d8a407714e","1","No"
"0x201778726740722f28eaa9cb32141f7998be0ead","1","No"
"0x23a136563b2088a5ac96965c8d3aaf199479f4b5","1","No"
"0x23e24e2b892f86988132c8157d5e10942b1b6d96","1","No"
"0x248b57e06956a49b260e26b691aef96b2a9d5c54","1","No"
"0x24fcefdb67e754047be0f65e3bc2defa1b5d69c2","1","No"
"0x2822310a5deaafb9a6ef572c7705a0c642e29ea6","1","No"
"0x28c32169b188d270419f52755d87087c29d46ec6","1","No"
"0x294901de875244fd77916db52791afb496bf6929","1","No"
"0x29cecd5e793904a0cb452d2c8dc682cd3a3ea736","1","No"
"0x2a0e4f89cc36b102a3ee294eff79ae28f7a490ac","1","No"
"0x2a2b4ba469bd6212fea13db638ef668a847d708b","1","No"
"0x2afcd946ba7acba4551c80b2dd155dff915fc89a","1","No"
"0x2c4eee082a4fbe70e5eb9c2fb629328ca24b7102","1","No"
"0x2ff5109357e04325e5f1ab8594b3221338bc94e6","1","No"
"0x30e05fc29206b1f0b04d52cd748e8e46b4f2c1a5","1","No"
"0x31cfa1601aec4b34361681cec77f6872c517a81a","1","No"
"0x32f2c5dd849d8be4d52646ee5fb7db2f2652e944","1","No"
"0x3330b6426cfd49362d82b9678fce2bb9db8f4e36","1","No"
"0x33a01ff88f5007d9791037d5d726bfe3c1289a78","1","No"
"0x341e786666d90d2860c2e0c99f2348d229bd7ccb","1","No"
"0x35001ca584d1ca0ddee18d4695e3e5f078f5e411","1","No"
"0x3584ace01809b6092e13632a17c0de88916f5a4a","1","No"
"0x38f8f45fb84bf672ee3b1b6845397c7fb69b6b39","1","No"
"0x39d69c40289d3c87ec3935a2c19353b3f51acc8d","1","No"
"0x3bb68f732010211d8f9c8275e1013807790cb4ee","1","No"
"0x3d8913365f001baf3816a16c39b7f435bcbda1ed","1","No"
"0x3f316ad9dac6ce8492edadfdbb02880dfc6bd082","1","No"
"0x3f7ac575f3c6a9e848b1f1ec3a51ad24bf2b1624","1","No"
"0x3ff95cd769ac78548719db9c03c546755fb12202","1","No"
"0x4286c967a7d74972f53c13c51a3a592b5a0e34cb","1","No"
"0x43d8bf34ec29352c3d5b7851ee8ec9887cd397b9","1","No"
"0x46bcb633f5a7f74e0399750e83e029d9e4f9f9e1","1","No"
"0x488a98164f65ce4794185ffca730257bd98f2307","1","No"
"0x49ddb4e587f704690fb8b0a0d6dda81befa9cbe0","1","No"
"0x4a4910a3190ca0bbd912052106fde76569fd759f","1","No"
"0x4a7b5e96cf7c91c67138ff929af076b51a3f66ee","1","No"
"0x4ae19dace898b099afa3757265cab0feea2f4861","1","No"
"0x4b7055917f5b4f2cb03a039694370ea9197c4f93","1","No"
"0x4c63fdd6ad72a7e8b7e9240c1dce935e990da014","1","No"
"0x4ccf8c510316ff4c2b7b8198c622ec5f51e06a4d","1","No"
"0x4d6a0ceec62ca26a9cc1d143dd73750f57a75bf7","1","No"
"0x4e191888be872b579c638f5dd9ac3cb14246322d","1","No"
"0x4eba0f6c0436013ae4759d3cc20d5b9970ae7735","1","No"
"0x4ef3595951988b2e8eefb1f7355ea8521c885a0b","1","No"
"0x502795175fb5fd339d87c87297043151d8236e8e","1","No"
"0x5077dfa0e6b4bd0eaeb596ff704c8570ef89669d","1","No"
"0x5174120ca9981d85f8acfd8a2de666512f2f8dde","1","No"
"0x51ce73df6f3d5f7154959eb1ee0fd90a8e2540ab","1","No"
"0x550b64f5f944e9473f21c3b57a74bbf804e37f02","1","No"
"0x5824ca302be17f53ee1c2b1f852588e85265fb0a","1","No"
"0x58263777d82cc4990c69c6d02bbfeea9d64b0edd","1","No"
"0x5a94d65c886fa55024cf67df119fb39ed53136e2","1","No"
"0x5c62cdfc9f3c23d4ec2bb8635b6f70346bbe803a","1","No"
"0x5c8f862cd438ae01acd9da7287c1fcb0e162ed5e","1","No"
"0x5d0c9bc1f7ea63e27629bd6ffd214e59b8507402","1","No"
"0x5de7696cd5d8079e5cf826efbfca0b41839d2d30","1","No"
"0x62589f6e3bc4ed3ea671c1fcb4d78c003a3d9a69","1","No"
"0x6287dcbfc58e93de4a0670c01bc42e93b1bd20e9","1","No"
"0x65718740f4ce029f6ad5914e24fae6938068ca3a","1","No"
"0x6664c0d95c0b759b5281ea6103d8bbd1704f45b9","1","No"
"0x694ec27c36055afc5c9e505c265f39f92228893c","1","No"
"0x6a62a39227a1df7710e05bc23343b48d7d6f98ed","1","No"
"0x6aa56757c287f0f23b26243326765fe2bbc14610","1","No"
"0x6c66ed3a412b15638cf24106185e54d1accc6a12","1","No"
"0x6d033e0edca8557bf1453d0146e5f595f6607731","1","No"
"0x6d3f839752f96b7569dcf425698b01bb73053e7c","1","No"
"0x701b6bc4a937682411df3c43d9e91d041cbab986","1","No"
"0x70215d7f29017a1ee0e0ef4066e4669e6d47bebc","1","No"
"0x72af03d398a4999e68766482e0af9f6cd9aa1139","1","No"
"0x7340d7f9552837ac39d367186c84615f75afdc08","1","No"
"0x79dfaedf23a58b03fe3ab834e789e711a92ecccd","1","No"
"0x7adf0ad672c42cbd4c06b04eb6e3220ac9c580a8","1","No"
"0x7c4c9c8ba895f092c4529b16811dad8d20c437e8","1","No"
"0x7d0cd6a6c68a46b037208c0a289bf34122d31672","1","No"
"0x7d8319aaf6ea184ed7c4ef0ea68a055ff2a72f21","1","No"
"0x7eb75e8c30f43c8589c2f77d69def98ea4433d75","1","No"
"0x7fde433415847e4b8a7ba1c97eb1daef84609280","1","No"
"0x8188bf3781805ccb7d5856afada677a47ff27a6a","1","No"
"0x821467f27fecf3695234d70817fcc2c14ac5641b","1","No"
"0x82853ce78c04df64ab081864a47387116c51baf1","1","No"
"0x84dc0290f64b11a1895c8a50ae2c77de42888a66","1","No"
"0x84fbb19343fb919517f22f87562a7a4b5029e45f","1","No"
"0x86dff31db5872498f252b35115924423e329fc63","1","No"
"0x87c16b6a0a679190e73d712bc8dd7325f9182db3","1","No"
"0x89a5625964b1e5a71d6b10932627ef4303ce0891","1","No"
"0x8a37a88b8b183e18f43cba1d9e91b2e8d9dc3c91","1","No"
"0x8a382e3bba3056fb6efd1cd2db2912a3737f5c73","1","No"
"0x8a6410c44bcd52084ce4eccf407b363406a5ad66","1","No"
"0x8ad94c6ab50d401a8b0faaca736f7bba2e0ced0a","1","No"
"0x8d89fb13f8638baaf408445c670e0d2ad93c74d5","1","No"
"0x8ffe009de2296109b4d27bc0abddcc3e66c65f31","1","No"
"0x91242acbb70deda53c19cf4ffb35c89ae5eba290","1","No"
"0x926435d7b110f697ac5a24225f80707edc610c9b","1","No"
"0x929cb8838a7fcfda2fd77e5195f9bd06f8461fa4","1","No"
"0x92f6e85942ba6303677f4ef3480ebed38e71151f","1","No"
"0x9330036bd44e33b932c16b9db09f2e65c0f67ef9","1","No"
"0x95a43c71b1f637d022c5697e290f6b1d56d70741","1","No"
"0x95c9b89b356e5b0aa757ff149c58df84e08b8cca","1","No"
"0x95f4cc350c65ddc3f4d9dc49303d98a5b7717d43","1","No"
"0x961fac7f089c4b45f66146af6b53ad9c0749989b","1","No"
"0x964d13bcd26d368bcd08620da0073a59afcc7c9f","1","No"
"0x9700f8d61eb5f95ef01c266b45bac47a08fb4c9f","1","No"
"0x991005b29c2db23fa159a823d79cf7ad8bd78bd6","1","No"
"0x995c94b713d0048ee0e30ec5130baf31c7a31062","1","No"
"0x9cdd1b716d520bd3f772c138b7df06fe450c6824","1","No"
"0x9d013a2643bab7eb95dcb7f761d637ef83b14cd9","1","No"
"0x9e7a650024f161298c64dfb8c0ab37ceea1fe91f","1","No"
"0x9ed6a6dd34efc11e1e59607b870cd25df491b3ac","1","No"
"0x9f4755c4a63071741c08097f926d6f2234dd943c","1","No"
"0xa02501979bbac056c82cb8ad0a66493137791467","1","No"
"0xa18b92b20b6bfea220b74e75c3b17b76e1e145dc","1","No"
"0xa234956f687b4680992ccd4e69a4cfdd32c7abce","1","No"
"0xa47dc95baca427c6713d32bc4adbe061c4b9e996","1","No"
"0xa5736fa4eb321c2f5bc43073905dce30470bc7d0","1","No"
"0xa60addfb103989e5d24f9f4654610d8a330a61d4","1","No"
"0xa60b72668418fb0d9928ae46cb79dbeb43e7c11e","1","No"
"0xa8b442925d4faf36c3b477eb7b5747abd73b64e9","1","No"
"0xa8b8057f44c98add363d2a7e227866d07fd2dd20","1","No"
"0xa91aedab32589f19f39f87d1e5d7e2cb77f5d0ff","1","No"
"0xa9ed0e251cb66dc6bb56016816b64863934969fc","1","No"
"0xaa5e7a9be4cd2dd247b8a3cddf947dbda769cead","1","No"
"0xac4739f97dded42f5621d280fc2a771b8495064a","1","No"
"0xaca2075a0fc54a6daf42d911bda8cfa8f7828b88","1","No"
"0xad52d45f32381f2b4f6f41c7536c9ca88a64fef2","1","No"
"0xad99db6b64011a5f106d5617da9d29652d88345b","1","No"
"0xadcef8f4eb7b7040c5226835dc0d9111fb654588","1","No"
"0xaf1ebc8c64ca8a537316bcbd47462dd5e6c6a410","1","No"
"0xb0168d2621d69dfbdb6cb799623e893f4dcf3188","1","No"
"0xb0eaf4fec08a8cea87dc6638271eee3308623968","1","No"
"0xb1213b09727a1f1b8695f728f14ad1f005276f30","1","No"
"0xb1aeb1ead6566416586204ee32322e52fbdf512b","1","No"
"0xb2daec992a82221459c782df8fb00e6956a5c5ad","1","No"
"0xb3044267409bf3b0c00b7d7923b0273e08f7b7af","1","No"
"0xb3f3d85bc82f68ca3c9c1664b7879699be7547c4","1","No"
"0xb49220768cb71c998ef0e12752a3391038b967e1","1","No"
"0xb4e912c0ed3b356af88ee2587250875d4676ca02","1","No"
"0xb548ea95d4b5ea40f42a105c7506248b73a3d720","1","No"
"0xb823decba39f5eb71116b3f8831a06f302e3ed16","1","No"
"0xb864c234dcfa0d7955cdce59368123a3b0ff6f55","1","No"
"0xb897d01f4c8c74eb7f68725730c1fce09d244bc9","1","No"
"0xbc436e01962b38a0f142eee714690b751ebd8e2c","1","No"
"0xbc4aff27c74e76e4639993679e243f80f8f455fc","1","No"
"0xbc75c2aefebef43c109d87c4b83e9b5e59394e1a","1","No"
"0xbc95a398f6b74444c10351b2509dc2f1c14ec4a7","1","No"
"0xbe0b9613186c6d4dd3c66b412c9364946a626110","1","No"
"0xbec657d05e9ed7bf71c81e524e0e8e177ec53b27","1","No"
"0xbf4fd1eef6adae364c6dad8dda18c578e4696f17","1","No"
"0xc2a2e6e7da0e7f32db54d4e9f39c80347917321b","1","No"
"0xc40578cb18049f0f96051507421bf54e0873356a","1","No"
"0xc4a58c1efabfc2d7943e899f3fdb93ec71b17c19","1","No"
"0xc4ba0a9ca644686f4c8292308cd67caa210a8c98","1","No"
"0xc691a40aa982ae66e1772e6a15007eb617d9239b","1","No"
"0xc7168d5dc40ea97bf86a1e5bed3a9cc94c04b11e","1","No"
"0xc90df168e94b2589af691d5598ade5ac8442f5c3","1","No"
"0xcb09d887888df630de40fd04a356a27897806ab0","1","No"
"0xcd604db44ec320a90a77c90c63f6705a7b4633b0","1","No"
"0xcdf0948cc738ac26c1fa83edcb96b87591f64dbc","1","No"
"0xd11813f582f3754ecd788fe33ae262a246424c8d","1","No"
"0xd12e09522fd06230040f4fc5f3d1e92cdc083cee","1","No"
"0xd1a7ceddfcc5d90a64c2b1d92fc6cc52d63a5dde","1","No"
"0xd29022e6f402e898689b3aa7ea7cc5f856512cc6","1","No"
"0xd2b41b2209de76ed2b6224e9204248d055ee20c8","1","No"
"0xd441c536aa7ec52ca77a9896b017b5382ced1160","1","No"
"0xd6827f158dd35b593b04ee11d8db20fc328b82ff","1","No"
"0xd8c2a967aa378341a4fdd9a8878a2f33217c390c","1","No"
"0xd91711059acd453e89cea6ec10e23259c79fad45","1","No"
"0xd98cb34db59720dcdd3acee1b844bad74e4eb0e6","1","No"
"0xd9f993583c6c08bef0bcb9cc8b7bc09741807569","1","No"
"0xdae936b09111af28cdd6de08c6539eb1cc5b531b","1","No"
"0xdaedad5cc673fcaf21885ee274d3031599612575","1","No"
"0xdb62e506781b2e1c86958db8618d161b3877ac17","1","No"
"0xdb94d97e74e0c5927625831e28a416e875ddd1a5","1","No"
"0xdc0bd7b2ded00a15511701e7c0a68f84b99d6e69","1","No"
"0xdc2630e36e77ffbedc6223b8078d13d7f81d15b8","1","No"
"0xdc9d8f5f45d40bb30dbf907435138503071bf400","1","No"
"0xdcea5c4248fee07b33e354a52c158909b033e0e8","1","No"
"0xdcebb5ab04617d68d27b0d45eaf36e5aadade023","1","No"
"0xddb2b551987ff609abc07eb33424032848640c17","1","No"
"0xde88da4318622ab2b36b4d997652158077bca8e9","1","No"
"0xde952590670afaee63877971d4d42fb626b3fbe0","1","No"
"0xdf7982f68880848d57da92bdf454807b13f552da","1","No"
"0xe077cbe0b09d1b68fee9224108a0b362e171ae22","1","No"
"0xe129a581695590f5fa609c696da26f8a1a3ce4f6","1","No"
"0xe1f57e89db9cb7dc449179efc9651f249ae9bf59","1","No"
"0xe36740a6d9c66d971c98d4c08412a7703445e389","1","No"
"0xe443363e69ede8c781b4ded44c2ad7cbe3577e56","1","No"
"0xe51fcdd504238b08214e42843c908e783eb40c1d","1","No"
"0xe55bf2ea57af70a4f8792ba6017bfc25bb64c16c","1","No"
"0xe7040b2d6a11cb099d44492a527530cc2bc304fa","1","No"
"0xe908e87275d9ce32b17c39a4ad36e874466ae785","1","No"
"0xe94c2bbf8948fc62fe4866d83e85545368a7cece","1","No"
"0xe96ece2e9d33363cdcd20c495510cdf45be4de1a","1","No"
"0xe980838d277ef8e30dcc0fb602d905cf59956227","1","No"
"0xea4e6be8188f58f748082acc3ccca9068bed092d","1","No"
"0xeba6bc9b82f3ca7561cc8ee294e743fb8117f73b","1","No"
"0xec0c3ead0b5b736af3be8574fc2e6d5d2038c557","1","No"
"0xece3f312a98d741a0e1a798f2a4c3f75a94d3f4c","1","No"
"0xeea5d764b83a742be65a8211dffdd88300950f6b","1","No"
"0xef762e56a4b3a3352ad79f1c35d15576d62fc27c","1","No"
"0xefe094685e0adbbb0fdd0a28a71eee29297ee829","1","No"
"0xf049387c7deea8a0f3b7046b104504a3597dee77","1","No"
"0xf1a3d388e64d1f10dee83d4a890aeb5ce729c91f","1","No"
"0xf22ce2ca7ebb447ae6a7949ff7154a7de8a3f859","1","No"
"0xf23210fc4cbd6bb08bb80cf772354eef9d72427a","1","No"
"0xf3396a67b2f057c195387a48b7ce3517d4cbab96","1","No"
"0xf391e23ab3f7b8381d47c83c34c03f5b0d685e9b","1","No"
"0xf622fdf53587fde49e75f5c8928b3dfdbcac24d8","1","No"
"0xf6c2950c133b467cf67e0b6a690e15006d6d6d4c","1","No"
"0xf6e09c13d7040a11a31ab08e394402fdb9bdc336","1","No"
"0xf8773bb3c32ca55583413320ae4651321c11d8f0","1","No"
"0xfbcf753b79a9d6f037888a18dec954d45f3083b5","1","No"
"0xfbec2c5cbb8bf4179e605520c6be48d75ed5df81","1","No"
"0xfd2764e321f04306f5feceedfdd13a46abb3272d","1","No"
"0xfdc60892b1a979376590b38acdbd1e533a9ea69d","1","No"
"0xfdcea8a413c519d5cda4c77ec72ee49c971667d6","1","No"
